"","name","contribution_months"
"1","Robin H. Johnson",232
"2","Mike Frysinger",212
"3","William Hubbs",212
"4","Fabian Groffen",210
"5","Sven Wegener",207
"6","Hans de Graaff",197
"7","Zac Medico",197
"8","Luca Barbato",194
"9","Bernard Cafarelli",192
"10","Ulrich Müller",192
"11","Patrick McLean",189
"12","Mike Pagano",186
"13","Keri Harris",183
"14","Alexis Ballier",182
"15","Hanno Böck",180
"16","Jeroen Roovers",180
"17","Tony Vroon",179
"18","Andrey Grozin",176
"19","Miroslav Šulc",163
"20","Patrick Lauer",163
"21","Akinori Hattori",162
"22","Michael Sterrett",160
"23","Pacho Ramos",159
"24","Sebastian Pipping",158
"25","Markus Meier",157
"26","Thomas Beierlein",153
"27","Mart Raudsepp",152
"28","Richard Freeman",152
"29","Andreas K. Hüttel",151
"30","Anthony G. Basile",150
"31","Michał Górny",150
"32","Daniel Pielmeier",149
"33","Christian Ruppert",148
"34","Eray Aslan",148
"35","Lars Wendler",147
"36","Alfredo Tupone",144
"37","Matt Turner",143
"38","Doug Goldstein",141
"39","Jory Pratt",141
"40","Mike Gilbert",140
"41","Jorge Manuel B. S. Vicetto",139
"42","Joshua Kinard",138
"43","Tobias Klausmann",138
"44","Sergei Trofimovich",136
"45","Agostino Sarubbo",135
"46","Joerg Bornkessel",135
"47","Alexey Shvetsov",132
"48","Christoph Junghans",128
"49","Steve Arnold",125
"50","Gilles Dartiguelongue",124
"51","Tim Harder",123
"52","Michael Palimaka",122
"53","Denis Dupeyron",120
"54","Cédric Krier",119
"55","Diego Elio Pettenò",119
"56","Sergey Popov",119
"57","Aaron W. Swenson",117
"58","Davide Pesavento",117
"59","Christian Birchinger",116
"60","Dirkjan Ochtman",114
"61","Justin Bronder",113
"62","Matsuu Takuto",113
"63","Tiziano Müller",112
"64","Marc Schiffbauer",110
"65","Ryan Hill",110
"66","Brian Evans",107
"67","Mike Auty",107
"68","Wolfram Schlich",107
"69","Sebastien Fabbro",106
"70","Justin Lecher",104
"71","Michael Orlitzky",104
"72","Thomas Raschbacher",103
"73","Yixun Lan",103
"74","Maciej Mrozowski",102
"75","Matthias Schwarzott",102
"76","Bjarke Istrup Pedersen",101
"77","Alon Bar-Lev",100
"78","Benda XU",100
"79","George Shapovalov",100
"80","Torsten Veller",100
"81","Chí-Thanh Christopher Nguyễn",99
"82","Arfrever Frehtes Taifersar Arahesis",98
"83","Benedikt Boehm",97
"84","James Le Cuirot",97
"85","Thomas Sachau",97
"86","Amadeusz Piotr Żołnowski",96
"87","Olivier Crête",95
"88","Raúl Porcel",95
"89","Alexys Jacob",94
"90","Johannes Huber",94
"91","Michael Haubenwallner",94
"92","Michael Januszewski",94
"93","Michael Weber",94
"94","Matthias Maier",93
"95","Andreas Sturmlechner",92
"96","Ian Stakenvicius",92
"97","Matthew Thode",92
"98","Mikle Kolyada",92
"99","Paweł Hajdan",92
"100","Peter Volkov",92
"101","Patrick Kursawe",91
"102","Samuli Suominen",90
"103","Vlastimil Babka",90
"104","Jason Zaman",89
"105","Joseph Jezak",89
"106","Markos Chandras",89
"107","Patrice Clement",89
"108","Joe Sapp",88
"109","Paul Varner",88
"110","Richard Farina",88
"111","Tomas Mozes",87
"112","Brent Baude",86
"113","Andreas Proschofsky",85
"114","Christian Faulhammer",85
"115","David Seifert",85
"116","Guy Martin",85
"117","Craig Andrews",83
"118","Ned Ludd",83
"119","Tomas Chvatal",83
"120","Donnie Berkholz",82
"121","Ian Whyman",82
"122","Louis Sautier",82
"123","Christoph Mende",81
"124","Marek Szuba",81
"125","Nicolas Bock",81
"126","Kacper Kowalik",80
"127","Naohiro Aota",79
"128","Remi Cardona",79
"129","Daniel Black",78
"130","Jason A. Donenfeld",78
"131","Manuel Rüger",78
"132","Brian Dolbec",77
"133","Caleb Tennis",77
"134","Guilherme Amadio",76
"135","Mark Wright",75
"136","Rafael Martins",75
"137","Chris PeBenito",74
"138","Krzysztof Pawlik",74
"139","Petteri Räty",74
"140","Stefan Briesenick",74
"141","Andreas Schuerch",72
"142","Jim Ramsay",72
"143","Matti Bickel",72
"144","Michele Noberasco",72
"145","Thomas Kahle",72
"146","Daniel Gryniewicz",71
"147","Tobias Scherbaum",71
"148","Ben de Groot",70
"149","Maxim Koltsov",70
"150","Thomas Deutschmann",70
"151","Greg Kroah-Hartman",69
"152","Nick Sarnie",69
"153","Gysbert Wassenaar",68
"154","Henning Schild",68
"155","Michael Mair-Keimberger",68
"156","Tristan Heaven",68
"157","Andrew Savchenko",67
"158","Seemant Kulleen",67
"159","Aron Griffis",66
"160","Georgy Yakovlev",66
"161","Jose Alberto Suarez Lopez",66
"162","Alin Năstac",65
"163","Göktürk Yüksek",65
"164","Jonas Stein",65
"165","Azamat Hackimov",64
"166","Conrad Kostecki",64
"167","Ferris McCormick",64
"168","Konstantin V. Arkhipov",64
"169","Ole Markus With",64
"170","Ben Kohler",63
"171","Rolf Eike Beer",63
"172","Steve Dibb",63
"173","Timo Gurr",63
"174","Chris Gianelloni",62
"175","Harald van Dijk",62
"176","Joonas Niilola",62
"177","Kristian Fiskerstrand",62
"178","Mark Loeser",62
"179","Rajiv Aaron Manglani",62
"180","Jonathan Callen",61
"181","Sven Vermeulen",61
"182","Zoltan Puskas",61
"183","Chris Mayo",60
"184","Lars Weiler",60
"185","Alice Ferrazzi",59
"186","Chris Reffett",59
"187","Robert Siebeck",59
"188","Aaron Bauman",58
"189","Alex Alexander",58
"190","Grant Goodyear",58
"191","Matthew Kennedy",58
"192","Matthew Marlowe",58
"193","Amy Liffey",57
"194","Jeffrey Gardner",57
"195","Jeremy Olexa",57
"196","Martin Schlemmer",57
"197","Michael Cummings",57
"198","Alexandre Rostovtsev",56
"199","Lance Albertson",56
"200","Daniel Drake",55
"201","Fabio Erculiani",55
"202","José María Alonso",55
"203","Marijn Schouten",55
"204","David Roman",54
"205","Leonardo Boshell",54
"206","Michael Imhof",54
"207","Oz Tiram",54
"208","Thilo Bangert",54
"209","Arun Raghavan",53
"210","Carsten Lohrke",53
"211","Erik Mackdanz",53
"212","Jason Wever",53
"213","Jesus Rivero",53
"214","Jimi Huotari",53
"215","Joe Peterson",53
"216","Magnus Granberg",53
"217","Richard Yao",53
"218","Stefan Strogin",53
"219","Bernd Waibel",52
"220","Gustavo Felisberto",52
"221","Paul de Vrieze",52
"222","Pierre-Olivier Mercier",52
"223","Stephen Klimaszewski",52
"224","Brian Harring",51
"225","Christian Parpart",51
"226","Kent Fredric",51
"227","Masatomo Nakano",51
"228","Maurice van der Pot",51
"229","Rob Cakebread",51
"230","Tupone Alfredo",51
"231","Alistair Bush",50
"232","Ilya Volynets",50
"233","Karl Trygve Kalleberg",50
"234","Luis Francisco Araujo",50
"235","Marcus D. Hanwell",50
"236","Marius Mauch",50
"237","Nirbheek Chauhan",50
"238","Olivier Fisette",50
"239","Piotr Karbowski",50
"240","Victor Ostorga",50
"241","Vladimir Pavljuchenkov",50
"242","Alexey Sokolov",49
"243","Andrey Kislyuk",49
"244","Marinus Schraal",49
"245","Markus Rothe",49
"246","Stefan Schweizer",49
"247","Tavis Ormandy",49
"248","Tom Gall",49
"249","Alex Legler",48
"250","Peter Johanson",48
"251","Alexander Tsoy",47
"252","Alexey Korepanov",47
"253","Andrey Utkin",47
"254","Markus Dittrich",47
"255","Theo Chatzimichos",47
"256","Andrej Kacian",46
"257","Bryan Stine",46
"258","Lukasz Strzygowski",46
"259","Marco Genasci",46
"260","Martin Dummer",46
"261","Ryan Phillips",46
"262","Tom William Payne",46
"263","Dennis Lamm",45
"264","Christian Zoffoli",44
"265","Daniel Robbins",44
"266","Gustavo Zacarias",44
"267","Ian Delaney",44
"268","Jeremy Huddleston",44
"269","Markus Ullmann",44
"270","Matt Thode",44
"271","Michael Hanselmann",44
"272","Petr Vaněk",44
"273","Saleem Abdulrasool",44
"274","Stephan Hartmann",44
"275","Vadim Kuznetsov",44
"276","Bryan Østergaard",43
"277","Haelwenn Monnier",43
"278","Jean-Noël Rivasseau",43
"279","Jon Portnoy",43
"280","Julian Ospald",43
"281","Marcelo Góes",43
"282","Piotr Jaroszyński",43
"283","René Nussbaumer",43
"284","Yuri Konotopov",43
"285","Brandon Low",42
"286","Mamoru Komachi",42
"287","Martin Holzer",42
"288","Michael Marineau",42
"289","Mike Doty",42
"290","Pieter van den Abeele",42
"291","Alastair Tse",41
"292","Christian Tietz",41
"293","Mats Lidell",41
"294","Michal Privoznik",41
"295","Stefaan De Roeck",41
"296","Tim Yamin",41
"297","Andres Loeh",40
"298","Christian Strahl",40
"299","Dan Armak",40
"300","Lennart Kolmodin",40
"301","Serkan Kaba",40
"302","Yuta Satoh",40
"303","Kenneth Prugh",39
"304","Nathan Phillip Brink",39
"305","Ralph Seichter",39
"306","Zero_Chaos",39
"307","Andrew Ammerlaan",38
"308","Brad Teaford Cowan",38
"309","Danny van Dyk",38
"310","Fernando J. Pereda",38
"311","Hanno",38
"312","Jaco Kroon",38
"313","José Luis Rivero",38
"314","Nguyen Thai Ngoc Duy",38
"315","Nils Freydank",38
"316","Radoslaw Stachowiak",38
"317","Sergey Torokhov",38
"318","Ultrabug",38
"319","William Breathitt Gray",38
"320","Horea Christian",37
"321","John Helmert III",37
"322","Karl Linden",37
"323","Lisa M. Seelye",37
"324","NP Hardass",37
"325","Robert Buchholz",37
"326","Sam James",37
"327","Stefan Knoblich",37
"328","Stuart Herbert",37
"329","D.M.D. Ljungmark",36
"330","Dawid Węgliński",36
"331","Jakov Smolić",36
"332","Quentin Retornaz",36
"333","Roy Marples",36
"334","Stuart Longland",36
"335","Yuri Vasilevski",36
"336","Colin Morey",35
"337","Diogo Pereira",35
"338","Dominik Stadler",35
"339","Ilya Tumaykin",35
"340","Nicholas Jones",35
"341","Oliver Freyermuth",35
"342","PPed72",35
"343","Robert Piasek",35
"344","Stephanie J. Lockwood-Childs",35
"345","Volkmar W. Pogatzki",35
"346","Christian Heim",34
"347","Ioannis Aslanidis",34
"348","John Mylchreest",34
"349","Luke Dashjr",34
"350","Marien Zwart",34
"351","Stanislav Ochotnicky",34
"352","Stefan Jones",34
"353","Wade Cline",34
"354","Florian Schmaus",33
"355","Marius Brehler",33
"356","Sam Jorna",33
"357","Simon Stelling",33
"358","Slawomir Lis",33
"359","Tobias Heinlein",33
"360","Vikraman Choudhury",33
"361","Alexander Vershilov",32
"362","Ferenc Erki",32
"363","Guillaume Destuynder",32
"364","Guillaume Seren",32
"365","Jared H.Hudson",32
"366","Joel Martin",32
"367","Johann Schmitz",32
"368","Mikhail Pukhlikov",32
"369","Angelo Arrifano",31
"370","Austin English",31
"371","Devan Franchini",31
"372","Donny Davies",31
"373","Jason Donenfeld",31
"374","Petre Rodan",31
"375","Philippe Chaintreuil",31
"376","Stephen Becker",31
"377","Chris Bainbridge",30
"378","Chris White",30
"379","Damien Krotkine",30
"380","David Shakaryan",30
"381","Francesco Riosa",30
"382","Gunnar Wrobel",30
"383","Ionen Wolkens",30
"384","Karol Wojtaszek",30
"385","Luca Longinotti",30
"386","Peter Levine",30
"387","Ronny Gutbrod",30
"388","Sven Eden",30
"389","Bart Lauwers",29
"390","Constanze Hausner",29
"391","Daniel Ahlberg",29
"392","Don Seiler",29
"393","Jan Vesely",29
"394","Malcolm Lashley",29
"395","Ralph Sennhauser",29
"396","Renat Lumpau",29
"397","Alex Brandt",28
"398","Chema Alonso Josa",28
"399","Ciaran McCreesh",28
"400","David Holm",28
"401","Heinrich Wendel",28
"402","Jay Pfeifer",28
"403","Jeffrey Lin",28
"404","Marc Hildebrand",28
"405","Markus Nigbur",28
"406","Peter Alfredsen",28
"407","Randy Barlow",28
"408","Stephen Bennett",28
"409","Alessandro Barbieri",27
"410","Christian Hartmann",27
"411","Daniel Campbell",27
"412","Jan Henke",27
"413","Jeff Horelick",27
"414","Maciej Barć",27
"415","Nikos Chantziaras",27
"416","Panagiotis Christopoulos",27
"417","Tom Martin",27
"418","Zaheer Abbas Merali",27
"419","Alec Warner",26
"420","Amy Winston",26
"421","Andrea Barisani",26
"422","Christian Hoffmann",26
"423","Duncan Coutts",26
"424","Jonathan Smith",26
"425","Joshua Jackson",26
"426","Joshua Nichols",26
"427","Lim Swee Tat",26
"428","Markus Duft",26
"429","Marty Plummer",26
"430","Rob Holland",26
"431","Christian Andreetta",25
"432","Christophe Lermytte",25
"433","Hank Leininger",25
"434","Jonathan Vasquez",25
"435","Matt Smith",25
"436","Matthieu Sozeau",25
"437","Robert Coie",25
"438","Slawek Lis",25
"439","Tom Knight",25
"440","Wim Muskee",25
"441","Anders Rune Jensen",24
"442","Arcady Genkin",24
"443","Benjamin Smee",24
"444","Brad Laue",24
"445","Brian Jackson",24
"446","Daniel Goller",24
"447","Eldad Zack",24
"448","Joshua Baergen",24
"449","Kristopher Kersey",24
"450","Kurt Kanzenbach",24
"451","Mounir Lamouri",24
"452","Thomas Anderson",24
"453","Viorel Munteanu",24
"454","Virgil Dupras",24
"455","William Thomson",24
"456","Alexander Kurakin",23
"457","Felix Janda",23
"458","Henrik Brix Andersen",23
"459","Ian Leitch",23
"460","Joe McCann",23
"461","Joshua Brindle",23
"462","Kevin F. Quinn",23
"463","Mike Gardiner",23
"464","Ole Reifschneider",23
"465","Rainer Groesslinger",23
"466","Thomas Matthijs",23
"467","Timothy Redaelli",23
"468","Tuan Van",23
"469","Alexander Gabert",22
"470","Arsen Arsenović",22
"471","Arthur Zamarin",22
"472","David Michael",22
"473","Dror Levin",22
"474","Esteve Varela Colominas",22
"475","Ettore Di Giacinto",22
"476","Francesco Turco",22
"477","François Bissey",22
"478","Javier Villavicencio",22
"479","John P. Davis",22
"480","Julien Allanos",22
"481","Karl-Johan Karlsson",22
"482","Luis Medinas",22
"483","Nelo-T. Wallus",22
"484","Peter Bienstman",22
"485","Sebastian Bergmann",22
"486","Sergey Alirzaev",22
"487","Stephen L Arnold",22
"488","Aaron Walker",21
"489","Daniel Novomesky",21
"490","Daniel Ostrow",21
"491","Ekaterina Vaartis",21
"492","Jack Morgan",21
"493","Jack Todaro",21
"494","Jochen Maes",21
"495","John N. Laliberte",21
"496","Jonathan Davies",21
"497","Mario Haustein",21
"498","Michael Stewart",21
"499","Mike Lothian",21
"500","Peter Weller",21
"501","Santiago M. Mola",21
"502","Tom Wijsman",21
"503","Bertrand Jacquin",20
"504","Christopher Byrne",20
"505","Evgeny Grin",20
"506","Felix Neumärker",20
"507","Jan Ziak",20
"508","Mykyta Holubakha",20
"509","Sergey Kuleshov",20
"510","kuzetsa",20
"511","Achim Gottinger",19
"512","Andreas Zuber",19
"513","Christopher Head",19
"514","Frank van de Pol",19
"515","Gavin Howard",19
"516","Jason Huebel",19
"517","Joao Santos",19
"518","Jon Hood",19
"519","Jurek Bartuszek",19
"520","Kurt Lieber",19
"521","Matteo Azzali",19
"522","Mu Qiao",19
"523","Nick Hadaway",19
"524","Roy Bamford",19
"525","Sebastian Parborg",19
"526","tharvik",19
"527","Aisha Tammy",18
"528","Alexandre Buisse",18
"529","Ali Polatel",18
"530","Aric Belsito",18
"531","Bart Verwilst",18
"532","Bruce A. Locke",18
"533","Dane Smith",18
"534","David Denoncin",18
"535","Dominik Kapusta",18
"536","Gordon Malm",18
"537","Heather Cynede",18
"538","Homer Parker",18
"539","Jan Seidel",18
"540","Michael Kohl",18
"541","Nicholas Vinson",18
"542","Robert Förster",18
"543","Rémi Cardona",18
"544","Simon van der Veldt",18
"545","Tiago Cunha",18
"546","Till Schäfer",18
"547","Vadim Misbakh-Soloviov",18
"548","Wout Mertens",18
"549","Aaron Kulbe",17
"550","Adel KARA SLIMANE",17
"551","Alarig Le Lay",17
"552","Brandon Hale",17
"553","Carlos Silva",17
"554","Christopher Brannon",17
"555","Daniele Rondina",17
"556","Elvis Pranskevichus",17
"557","Hasan Khalil",17
"558","Herbie Hopkins",17
"559","Jauhien Piatlicki",17
"560","Jouni Kosonen",17
"561","Kito Danya Dietrich",17
"562","Lina Pezzella",17
"563","Marc Joliet",17
"564","Matthew S. Turnbull",17
"565","Michal Hrušecký",17
"566","Preston A. Elder",17
"567","Ricardo Mendoza",17
"568","Sebastian Hamann",17
"569","Stratos Psomadakis",17
"570","Uwe Scholz",17
"571","Vladimir Smirnov",17
"572","Wilson Michaels",17
"573","Yiyang Wu",17
"574","Zamarin Arthur",17
"575","soredake",17
"576","Alexander Golubev",16
"577","Anna Vyalkova",16
"578","Anthony Ryan",16
"579","Chad Huneycutt",16
"580","Daniel Mueller",16
"581","Dylan Carlson",16
"582","Gregorio Guidi",16
"583","Jan Matejka",16
"584","Jonas Licht",16
"585","Jonathan Scruggs",16
"586","Josiah Mullins",16
"587","Mathy Vanvoorden",16
"588","Matija Skala",16
"589","Matt Jolly",16
"590","Matthew Smith",16
"591","Philip Walls",16
"592","Philipp Rösner",16
"593","Rafael Goncalves Martins",16
"594","Tal Peer",16
"595","WANG Xuerui",16
"596","orbea",16
"597","Adrian Almenar",15
"598","Aggelos Orfanakos",15
"599","Daniel Kenzelmann",15
"600","Ervin Peters",15
"601","Hardave Rior",15
"602","Holger Hoffstätte",15
"603","Huang Rui",15
"604","Niklāvs Koļesņikovs",15
"605","Olivier Laurantin",15
"606","Pavlos Ratis",15
"607","Pedro Arizmendi",15
"608","Salah Coronya",15
"609","Scott W Taylor",15
"610","Sergiy Borodych",15
"611","Andrew Bevitt",14
"612","Andrew Ross",14
"613","Andrew Udvare",14
"614","Chris Houser",14
"615","Gergely Nagy",14
"616","Gérald Fenoy",14
"617","Harald Judt",14
"618","Hasan Calisir",14
"619","Kai Krakow",14
"620","Kathryn Kulick",14
"621","Marshall Brewer",14
"622","Michael Hammer",14
"623","Paolo Pedroni",14
"624","Richard Brown",14
"625","Sandro Bonazzola",14
"626","Sobhan Mohammadpour",14
"627","Stefan G. Weichinger",14
"628","Will Woods",14
"629","William Pettersson",14
"630","charIes17",14
"631","Anant Narayanan",13
"632","Bryon Roche",13
"633","Christian Roessner",13
"634","Chuck Short",13
"635","Daniel M. Weeks",13
"636","Gabriel Linder",13
"637","Graeme Lawes",13
"638","Hendrik v. Raven",13
"639","Igor V. Kovalenko",13
"640","Jae Yang Kwak",13
"641","Jannis Achstetter",13
"642","Josh Glover",13
"643","Lucas Ramage",13
"644","Max Kalika",13
"645","Michael Seifert",13
"646","Tomás Touceda",13
"647","Victor Kustov",13
"648","Wulf Krueger",13
"649","band-a-prend",13
"650","stefson",13
"651","Alexey Zapparov",12
"652","Bartosch Pixa",12
"653","Bob Johnson",12
"654","Chris Aniszczyk",12
"655","Corentin Chary",12
"656","David Heidelberg",12
"657","Elfyn McBratney",12
"658","Eric Edgar",12
"659","Federico Ferri",12
"660","Harri Nieminen",12
"661","Kenton Groombridge",12
"662","Kevyn Shortell",12
"663","Lorenzo Porta",12
"664","Luis Ressel",12
"665","Marcin Deranek",12
"666","Meir Kriheili",12
"667","Michael Nazaroff",12
"668","Niklas Haas",12
"669","Otavio Rodolfo Piske",12
"670","Paul Healy",12
"671","Punarbasu Purkayastha",12
"672","Rafael Kitover",12
"673","Stephen Shkardoon",12
"674","Valérian Rousset",12
"675","Vicente Olivert Riera",12
"676","Wilfried Holzke",12
"677","Yu Gu",12
"678","Yuval Yaari",12
"679","Zetok Zalbavar",12
"680","ktrace",12
"681","Adrian Ratiu",11
"682","Adrian Schollmeyer",11
"683","Alex Fan",11
"684","Alex Veber",11
"685","Andrea Luzzardi",11
"686","Armando Di Cianno",11
"687","Ben Lutgens",11
"688","Colin Kingsley",11
"689","Friedrich Oslage",11
"690","Gerhard Bräunlich",11
"691","Hector Martin",11
"692","Jeremy Maitin-Shepard",11
"693","Jiayi Zhao",11
"694","Jodok Batlogg",11
"695","Lucian Poston",11
"696","Luigi Mantellini",11
"697","Marco Scardovi",11
"698","Martin Gysel",11
"699","Martin Jackson",11
"700","Matthew Turk",11
"701","Phil Bordelon",11
"702","Philippe Trottier",11
"703","Robert Günzler",11
"704","Sergey Ilinykh",11
"705","Stephen Arnold",11
"706","Travis Tilley",11
"707","Troy Dack",11
"708","Yongxiang Liang",11
"709","Yuan Liao",11
"710","Yury Martynov",11
"711","Adam Feldman",10
"712","Alfred Wingate",10
"713","Benjamin Schindler",10
"714","Charlie Shepherd",10
"715","Elias Probst",10
"716","Fernando Serboncini",10
"717","François-Xavier Carton",10
"718","Guillaume Castagnino",10
"719","Hannes Mehnert",10
"720","Heath Caldwell",10
"721","James Beddek",10
"722","Jason Stubbs",10
"723","Joe Kappus",10
"724","John J. Ellis",10
"725","Joshua Ross",10
"726","Kalin KOZHUHAROV",10
"727","Karol Grudziński",10
"728","Mark Guertin",10
"729","Matt Keadle",10
"730","Matthias Gerstner",10
"731","Michael J. Cohen",10
"732","Moritz Schlarb",10
"733","Muhammad Herdiansyah",10
"734","Patrick Dawson",10
"735","Raphaël Marichez",10
"736","Rob Romans",10
"737","Romain Perier",10
"738","Sascha Schwabbauer",10
"739","Thomas Bettler",10
"740","brahmajit das",10
"741","matoro",10
"742","0xd34df00d",9
"743","Alex Efros",9
"744","Alex Xu",9
"745","Andrew Gaffney",9
"746","Bret Curtis",9
"747","Brian Norris",9
"748","Daniel Scharrer",9
"749","Dennis Eisele",9
"750","Dion Moult",9
"751","Douglas Russel",9
"752","Emanuele Giaquinta",9
"753","Francisco Blas Izquierdo Riera",9
"754","Joel Hill",9
"755","Jon Nelson",9
"756","Josh Grebe",9
"757","Kerin Millar",9
"758","Maarten Thibaut",9
"759","Michael Glauche",9
"760","Mike Kelly",9
"761","Myckel Habets",9
"762","Nick Dimiduk",9
"763","Oleksandr Trotsenko",9
"764","Petros Siligkounas",9
"765","Przemyslaw Maciag",9
"766","Randall Vasquez",9
"767","Rob Levitsky",9
"768","Steev Klimaszewski",9
"769","Stephen Diener",9
"770","Stewart Honsberger",9
"771","Stijn Tintel",9
"772","Sven Blumenstein",9
"773","Thiago Donato Ferreira",9
"774","Thomas Andrejak",9
"775","Tilman Klar",9
"776","Todd Berman",9
"777","Wes Cilldhaire",9
"778","end222",9
"779","nick black",9
"780","Abhishek Amit",8
"781","Alexander Færøy",8
"782","Alexander Miller",8
"783","Alfred Persson",8
"784","Ali Abdel-Qader",8
"785","Andrius Štikonas",8
"786","Antti Järvinen",8
"787","Dan Molik",8
"788","Dean Bailey",8
"789","Gerion Entrup",8
"790","Gwendal Grignou",8
"791","Harry Smallbones",8
"792","Herb Miller Jr",8
"793","Ingmar Vanhassel",8
"794","Jan Kundrát",8
"795","Jesus P Rey",8
"796","Joachim Blaabjerg",8
"797","Joshua Charles Campbell",8
"798","Karol Pasternak",8
"799","Kirill Chibisov",8
"800","Manoj Gupta",8
"801","Marcin Kryczek",8
"802","Martin Kletzander",8
"803","Martin Mokrejs",8
"804","Matt Rickard",8
"805","Mikael Hallendal",8
"806","Nickolas Raymond Kaczynski",8
"807","Olivier Reisch",8
"808","Oskari Pirhonen",8
"809","Pablo",8
"810","Pavel Kazakov",8
"811","Philipp Ammann",8
"812","Raymond Jennings",8
"813","Ross Charles Campbell",8
"814","Ryan Tolboom",8
"815","Róbert Čerňanský",8
"816","Scott Stoddard",8
"817","Theo Anderson",8
"818","Thomas Bracht Laumann Jespersen",8
"819","Thomas Cort",8
"820","Todd Sunderlin",8
"821","Tom Gillespie",8
"822","Vaibhav Rustagi",8
"823","Victor Gaydov",8
"824","Wolfgang E. Sanyer",8
"825","YUE Daian",8
"826","Zack Welch",8
"827","reagentoo",8
"828","Alec Ten Harmsel",7
"829","Alex Howells",7
"830","Alexander Puck Neuwirth",7
"831","Bo Ørsted Andresen",7
"832","Carl Perry",7
"833","Cheyenne Wills",7
"834","Daniel Brandt",7
"835","Daniel Heule",7
"836","Deedra M. Waters",7
"837","Denis Pronin",7
"838","Eric Joldasov",7
"839","Espen Henriksen",7
"840","Francisco Javier Félix",7
"841","Greg Fitzgerald",7
"842","Guillermo Joandet",7
"843","Hans Fredrik Nordhaug",7
"844","Jeffrey Forman",7
"845","Joe Bormolini",7
"846","Keith Wesolowski",7
"847","Konstantin Podshumok",7
"848","Kyle Manna",7
"849","Maik Schreiber",7
"850","Marco Sirabella",7
"851","Mathieu Tortuyaux",7
"852","Matt Whitlock",7
"853","Michael Boman",7
"854","Michael Perlov",7
"855","Miezhiko",7
"856","Peter Gavin",7
"857","Poncho",7
"858","Ray Russell Reese III",7
"859","Ruud Koolen",7
"860","Thamognya Kodi",7
"861","Thierry Carrez",7
"862","Tomoya Tabuchi",7
"863","William L. Thomson Jr",7
"864","YangMame",7
"865","hololeap",7
"866","Adrian Grigo",6
"867","Alexander Barker",6
"868","Alexander Lopatin",6
"869","Amel Hodzic",6
"870","Amir Guindehi",6
"871","Anton Fischl",6
"872","Bernardo Meurer",6
"873","Bjoern Brauel",6
"874","Brad House",6
"875","Calum Selkirk",6
"876","Chris Su",6
"877","Christel Dahlskjær",6
"878","Christian Buchinger",6
"879","Christian Gerloff",6
"880","Damon Conway",6
"881","Daniel Kuehn",6
"882","David Flogeras",6
"883","David Hallas",6
"884","David Hicks",6
"885","David Zero",6
"886","Dongsu Park",6
"887","Douglas Agbeve",6
"888","Eric Sammer",6
"889","Fabio Rossi",6
"890","Ferry Meyndert",6
"891","Guido Bakker",6
"892","Hallgrimur H. Gunnarsson",6
"893","Ian Hixson",6
"894","Ian Moone",6
"895","J Robert Ray",6
"896","Jaak Ristioja",6
"897","Jan Brinkmann",6
"898","Jerry Alexandratos",6
"899","Jinqiang Zhang",6
"900","John Turner",6
"901","Jon Nall",6
"902","Jonas Toth",6
"903","Jungmin Seo",6
"904","Kacper Kołodziej",6
"905","Kai-Chun Ning",6
"906","Karel Kočí",6
"907","Lei Zhang",6
"908","Luke Jr",6
"909","Marek Behún",6
"910","Martin Ehmsen",6
"911","Matoro Mahri",6
"912","Matthew White",6
"913","Matthias Coppens",6
"914","Mattéo Rossillol‑‑Laruelle",6
"915","Maxime Lombard",6
"916","Nicholas Meyer",6
"917","Pascal Jäger",6
"918","Pavel Kalugin",6
"919","Robin Hallabro",6
"920","Rodrigo Saboya",6
"921","Samuel Holland",6
"922","Scott Martin",6
"923","Seth Chandler",6
"924","Simon Levermann",6
"925","Simone Gotti",6
"926","Stefan Cornelius",6
"927","Stuart Bouyer",6
"928","Stéphane Veyret",6
"929","Tact Yoshida",6
"930","Thomas D",6
"931","Thomas Schneider",6
"932","Tobias Leupold",6
"933","Tomas Zigo",6
"934","Torben Hohn",6
"935","Victor Payno",6
"936","Viktar Patotski",6
"937","Yamakura Makoto",6
"938","Yi Quang",6
"939","A. Wilcox",5
"940","AJ Lewis",5
"941","Alan Swanson",5
"942","Allen Webb",5
"943","Andres Toomsalu",5
"944","Branko Grubic",5
"945","BratishkaErik",5
"946","Brendan Horan",5
"947","Bruce Guenter",5
"948","Chris Parrott",5
"949","Christian Marie",5
"950","Craig Inches",5
"951","Denis Efremov",5
"952","Edgar Hucek",5
"953","Eric Shattow",5
"954","Florian Tham",5
"955","François Degros",5
"956","Fred Van Andel",5
"957","Gabriel Caudrelier",5
"958","Geert Bevin",5
"959","Gino",5
"960","Gino McCarty",5
"961","Gioacchino Mazzurco",5
"962","Graham Ramsey",5
"963","Han Han",5
"964","Holger Brueckner",5
"965","Ian Jordan",5
"966","Ingolf Wagner",5
"967","Jakov Petrina",5
"968","Jan Chren",5
"969","Jannik Glückert",5
"970","Jason Anthony Mobarak",5
"971","Jason Shoemaker",5
"972","Jay Faulkner",5
"973","Johannes Willem Fernhout",5
"974","Juanjie Xi",5
"975","Karol Wrótniak",5
"976","Krzesimir Nowak",5
"977","Leho Kraav",5
"978","Leorize",5
"979","Marcos Rodrigues Gonzalez",5
"980","Matthew Schultz",5
"981","Michael Conrad Tilstra",5
"982","Michael Vetter",5
"983","Mihai Moldovan",5
"984","Nado",5
"985","Niccolò Belli",5
"986","Nicholas Wourms",5
"987","Nick H",5
"988","Octiabrina Terrien–Puig",5
"989","Olaf Torvaldsson",5
"990","OursDesCavernes",5
"991","Paul B. Henson",5
"992","Peter-Levine",5
"993","Pierre-Nicolas Clauss",5
"994","Piotr Staroszczyk",5
"995","Richard Fröhning",5
"996","Sarah White",5
"997","Sean Vig",5
"998","Stanislav Brabec",5
"999","Stefan Langenmaier",5
"1000","Takuto Yoshida",5
"1001","Tod Neidt",5
"1002","Xiami",5
"1003","i.Dark_Templar",5
"1004","loong0",5
"1005","mudler",5
"1006","yuchen.xie",5
"1007","Adam Bellinson",4
"1008","Ahmed Charles",4
"1009","Alessandro Calorì",4
"1010","Alexander Bakker",4
"1011","Alexander Plank",4
"1012","Andrea Cerisara",4
"1013","Andrés Becerra",4
"1014","ChaosEngine",4
"1015","Christian Affolter",4
"1016","Daniel Hodges",4
"1017","Daniel Quinn",4
"1018","Denis Reva",4
"1019","Dominik Kriegner",4
"1020","Duje Mihanović",4
"1021","Efe İzbudak",4
"1022","Eugene Bright",4
"1023","Ewoud Kohl van Wijngaarden",4
"1024","Federico Denkena",4
"1025","Graham Forest",4
"1026","Gábor Oszkár Dénes",4
"1027","Han Gao",4
"1028","Hummer12007",4
"1029","Ilya Mochalov",4
"1030","Jason Miller",4
"1031","Jason Smathers",4
"1032","Johan Bergström",4
"1033","John Einar Reitan",4
"1034","JonRB",4
"1035","Kevin McCarthy",4
"1036","Khue Nguyen",4
"1037","Lukáš Poláček",4
"1038","M. J. Everitt",4
"1039","Maciej S. Szmigiero",4
"1040","Manuel Nickschas",4
"1041","Manuel Ullmann",4
"1042","Marco Leogrande",4
"1043","Matthew Dawson",4
"1044","Michael Everitt",4
"1045","Michael Tindal",4
"1046","Michał Kępień",4
"1047","Michele Balistreri",4
"1048","Ming Zhao",4
"1049","Mo Zhou",4
"1050","Mohamad Issawi",4
"1051","Niccolò Scatena",4
"1052","Omkhar Arasaratnam",4
"1053","Palmer Dabbelt",4
"1054","Parag Mehta",4
"1055","Peter Wilmott",4
"1056","Petrus.Z",4
"1057","RobinDX",4
"1058","Rodney Rees",4
"1059","Samuel Damashek",4
"1060","Sergey Shiryaev",4
"1061","Timo Tambet",4
"1062","Todd Heim",4
"1063","Torsten Alex",4
"1064","Violet Purcell",4
"1065","Xin Yang",4
"1066","automorphism88",4
"1067","bdouxx",4
"1068","cbrannon",4
"1069","ktrace@yandex.ru",4
"1070","lramage94",4
"1071","root",4
"1072","toshokan",4
"1073","xdch47",4
"1074","Ahmed Ammar",3
"1075","Aidan Harris",3
"1076","Alain Penders",3
"1077","Alec Moskvin",3
"1078","Alessandro Rosetti",3
"1079","Alexandra Parker",3
"1080","Alexei Colin",3
"1081","Andrey Mazo",3
"1082","Angelos Kouratzinos",3
"1083","Antoine Raillon",3
"1084","Anton Kochkov",3
"1085","Arun Thomas",3
"1086","Atharva Amritkar",3
"1087","Austin Ray",3
"1088","Benjamin Coles",3
"1089","Benjamin Judas",3
"1090","Benjamin Neff",3
"1091","Bob Brooks",3
"1092","Bob Dröge",3
"1093","Brandy Westcott",3
"1094","Brian Mego",3
"1095","Chris Rorvick",3
"1096","Christian Schroeder",3
"1097","Christopher Diaz Riveros",3
"1098","Chuck Brewer",3
"1099","Cory Visi",3
"1100","Cristian Othón Martínez Vera",3
"1101","Daniel Maslowski",3
"1102","Daniel Scheller",3
"1103","David Carlier",3
"1104","Dennis Schridde",3
"1105","Dmitrii Tochanskii",3
"1106","Dmitry",3
"1107","Dylan Wolf",3
"1108","Egor Martynov",3
"1109","Elizabeth Myers",3
"1110","Ethan Kiang",3
"1111","Fergus Dall",3
"1112","Frederic Culot",3
"1113","Fredrik Eriksson",3
"1114","Gabriele Giorgetti",3
"1115","Gianguido Sora",3
"1116","Gregory M. Turner",3
"1117","Henrik Pihl",3
"1118","ILMostro",3
"1119","INODE64",3
"1120","Ilya Trukhanov",3
"1121","Jake Lilly",3
"1122","Jakub Jirutka",3
"1123","Jan Breuer",3
"1124","Jason Cox",3
"1125","Jeremi Piotrowski",3
"1126","Joakim Tjernlund",3
"1127","Jonas Jelten",3
"1128","Joshua Goins",3
"1129","Julien Roy",3
"1130","Julius Putra Tanu Setiaji",3
"1131","Kagami Hiiragi",3
"1132","Kajzer",3
"1133","Kevin Cernekee",3
"1134","Labbe Corentin",3
"1135","Larry Pyeatt",3
"1136","Laszlo Gombos",3
"1137","Leonardo Hernandez Hernandez",3
"1138","Luke Peterson",3
"1139","Marc Cramer",3
"1140","Marco Morales",3
"1141","Marcus Comstedt",3
"1142","Markus Oehme",3
"1143","Martin Väth",3
"1144","Masanori Ogino",3
"1145","Matthias Dahl",3
"1146","Matthias Hauber",3
"1147","Max Satula",3
"1148","Michael McCabe",3
"1149","Michael Uleysky",3
"1150","Michael Weiser",3
"1151","Mike Jones",3
"1152","Mikk Margus Möll",3
"1153","Nathan E. Egge",3
"1154","Nicholas D. Wolfwood",3
"1155","Nick Erdmann",3
"1156","Nikita Romanyuk",3
"1157","Nobel Barakat",3
"1158","Owen Stampflee",3
"1159","Pavel Denisov",3
"1160","Pavel Kulyov",3
"1161","Paymon MARNADI",3
"1162","Peter Brown",3
"1163","Peter Foley",3
"1164","Peter Wagner",3
"1165","Petr Šabata",3
"1166","Raul E Rangel",3
"1167","Richard Nespithal",3
"1168","Richard-Rogalski",3
"1169","Robert Moss",3
"1170","Roman Brasseur",3
"1171","Roy Yang",3
"1172","Ruslan Osmanov",3
"1173","Shane Peelar",3
"1174","Silmano",3
"1175","Simone Scanzoni",3
"1176","Steffen Winter",3
"1177","Sujeet Akula",3
"1178","Sviatoslav Sydorenko",3
"1179","Takuya Wakazono",3
"1180","Thamognya",3
"1181","Thomas Gstädtner",3
"1182","Tobias Eichert",3
"1183","Toralf Förster",3
"1184","V3n3RiX",3
"1185","Vjaceslavs Klimovs",3
"1186","William",3
"1187","William McArthur",3
"1188","Xavier Fernández i Marín",3
"1189","Yannik Koehler",3
"1190","Ye Cao",3
"1191","Yegor Timoshenko",3
"1192","Yehoshua Pesach Wallach",3
"1193","YiFei Zhu",3
"1194","Zhang Zongyu",3
"1195","Zhao Yongming",3
"1196","bes.internal",3
"1197","bgo",3
"1198","blackraven",3
"1199","ephemer0l",3
"1200","giskard",3
"1201","mercuriete",3
"1202","optyfr",3
"1203","peeweep",3
"1204","shimataro",3
"1205","switch87",3
"1206","t0b3",3
"1207","Ștefan Talpalaru",3
"1208","マリウス",3
"1209","12101111",2
"1210","5cat",2
"1211","Adam Mondl",2
"1212","Alessandro Di Federico",2
"1213","Alessandro-Barbieri",2
"1214","Alex Margolin",2
"1215","Alexey Chernov",2
"1216","Amadeusz Sławiński",2
"1217","Amir Ghassemi Nasr",2
"1218","Andreas Pokorny",2
"1219","Andrew John Hughes",2
"1220","Anth0rx",2
"1221","Anthony Delannoy",2
"1222","Artur Juraszek",2
"1223","Asgeir Bjarni Ingvarsson",2
"1224","Axel Burri",2
"1225","Azamat Khudaygulov",2
"1226","Ben Roberts",2
"1227","Benedikt Neuffer",2
"1228","Benjamin Gordon",2
"1229","Benoit Gschwind",2
"1230","Bharath Saiguhan",2
"1231","Bjørn Kagelmacher",2
"1232","Brett Holman",2
"1233","Bruce Schultz",2
"1234","Carlos Eduardo",2
"1235","Chaos",2
"1236","Chris Burroughs",2
"1237","Christian Segundo",2
"1238","Christian W. Zuckschwerdt",2
"1239","Christian Widmer",2
"1240","Christoph Lameter",2
"1241","Coacher",2
"1242","D G Turner",2
"1243","Dan Robertson",2
"1244","Daniel Harding",2
"1245","Dave Hughes",2
"1246","David Carlos Manuelda",2
"1247","David Chamberlain",2
"1248","David Coles",2
"1249","Dee-Jay Logozzo",2
"1250","Denis Lisov",2
"1251","Dmitry Baranov",2
"1252","Doug Freed",2
"1253","Dustin Smith",2
"1254","Ed Baker",2
"1255","Emily Mills",2
"1256","Erik Swanson",2
"1257","Etienne d'Hautefeuille",2
"1258","Evan Teran",2
"1259","Fco Javier Felix",2
"1260","Felix Tiede",2
"1261","Fernandez-Alcon. Jose",2
"1262","Finn Rayment",2
"1263","Florian Dubourg",2
"1264","Florian Förster",2
"1265","Georg Rudoy",2
"1266","Grzegorz Filo",2
"1267","Hans Fernhout",2
"1268","Helmut Jarausch",2
"1269","Henning Sudbrock",2
"1270","Ian Silvester",2
"1271","Igor Savlook",2
"1272","Ilia Mirkin",2
"1273","Impyy",2
"1274","Jacob Floyd",2
"1275","James Browning",2
"1276","James Harlow",2
"1277","Jan Krieg",2
"1278","Jan Seeger",2
"1279","Jan Segre",2
"1280","Jasen Borisov",2
"1281","Jay Maynard",2
"1282","Jeff Walter",2
"1283","Jer Sun",2
"1284","Jerry A",2
"1285","Jiajun Wang",2
"1286","John Brezerk",2
"1287","Jonas Frei",2
"1288","Joshua Downer",2
"1289","Jérôme Carretero",2
"1290","Kai Zimmermann",2
"1291","Konstantin Tokarev",2
"1292","Kyle Elbert",2
"1293","Lara Maia",2
"1294","Lars",2
"1295","Learath",2
"1296","Leno Hou",2
"1297","Leo Lipelis",2
"1298","Linus Karl",2
"1299","Lorand Jakab",2
"1300","Lubos Kolouch",2
"1301","Luka Perkov",2
"1302","Lukáš Hrázký",2
"1303","MATSUKI Hidenori",2
"1304","Marcin Wozniak",2
"1305","Mariusz Ceier",2
"1306","Martin Kemp",2
"1307","Martin Oberzalek",2
"1308","Martin-Kevin Neumann",2
"1309","Matthew Bakhtiari",2
"1310","Matthew Ogilvie",2
"1311","Mattias Nissler",2
"1312","Max Audron",2
"1313","Meena Shanmugam",2
"1314","Michael Corvinus",2
"1315","Michael Kupfer",2
"1316","Michał Bartoszkiewicz",2
"1317","Mickaël Schoentgen",2
"1318","Mikhail Klementev",2
"1319","Ming Dai",2
"1320","Moritz Kick",2
"1321","NRK",2
"1322","Nate Underwood",2
"1323","Nathaniel McCallum",2
"1324","Nic Boet",2
"1325","Nicholas Henke",2
"1326","Nicolas Werner",2
"1327","Nicu Borta",2
"1328","Nils Schlupp",2
"1329","Pavel Balaev",2
"1330","Pavel Kretov",2
"1331","Paweł Tomak",2
"1332","Per Pomsel",2
"1333","Peter Gantner",2
"1334","Petr Pisar",2
"1335","Petru Ciobanu",2
"1336","Prakash Shetty",2
"1337","Randall",2
"1338","Raymond Wong",2
"1339","Reinis Danne",2
"1340","Remco Rĳnders",2
"1341","Robert Clark",2
"1342","Roman Beranek",2
"1343","Roman Dobosz",2
"1344","Ryan Qian",2
"1345","Sami Loone",2
"1346","Samuel Bauer",2
"1347","Samuel Bernardo",2
"1348","Sandino Araico Sanchez",2
"1349","Sherman Boyd",2
"1350","Spencer M.P",2
"1351","Stephen Bosch",2
"1352","Steven Johnson",2
"1353","Susan Wilson",2
"1354","Ted Tanberry",2
"1355","Thibaud CANALE",2
"1356","Thomas Kemmer",2
"1357","Tianon Gravi",2
"1358","Tobias Jakobi",2
"1359","Ulrich Réale",2
"1360","Uzi Erdenebileg",2
"1361","Varsha Teratipally",2
"1362","Vieri Di Paola",2
"1363","Vinícius Kury",2
"1364","Vitaly Kushneriuk",2
"1365","Vitaly Zdanevich",2
"1366","Vladyslav Brovko",2
"1367","Vlastimil Krejčíř",2
"1368","WGH",2
"1369","Xiaoqiang Zhao",2
"1370","Yang Yang",2
"1371","Yifeng Li",2
"1372","Yumi Tanaka",2
"1373","Yury V. Zaytsev",2
"1374","Zack Gilburd",2
"1375","Zentaro Kavanagh",2
"1376","antonfischl1980",2
"1377","aporilel",2
"1378","babykart",2
"1379","bobbertson",2
"1380","civil@gentoo.org",2
"1381","cklaucke",2
"1382","coyote",2
"1383","epsilonKNOT",2
"1384","everpcpc",2
"1385","hal",2
"1386","hkgz",2
"1387","iamdenchik",2
"1388","igna_martinoli",2
"1389","jakeogh",2
"1390","kballou",2
"1391","kochera",2
"1392","listout",2
"1393","meierfra",2
"1394","mid-kid",2
"1395","mschubert",2
"1396","nado",2
"1397","neeshy",2
"1398","parazyd",2
"1399","pini",2
"1400","robert",2
"1401","scardracs",2
"1402","sklv",2
"1403","striker.sh",2
"1404","vitalogy",2
"1405","yemou Hannam",2
"1406","Ørjan Malde",2
"1407","Сухарик",2
"1408","0x501D",1
"1409","A. D",1
"1410","Aaron Burnett",1
"1411","Aaron U'Ren",1
"1412","Aashay Shringarpure",1
"1413","Abheek Ghosh",1
"1414","Abhishek Kumar",1
"1415","Adam Grissom",1
"1416","Adrian Moennich",1
"1417","Alberto Sartori",1
"1418","Aleksander Mistewicz",1
"1419","Alex Bennée",1
"1420","Alex Crawford",1
"1421","Alex R",1
"1422","Alex Revin",1
"1423","Alexander Akulich",1
"1424","Alexandre Ferreira",1
"1425","Alexandru-Sever Horin",1
"1426","Alexey Kretov",1
"1427","Alexey Stukalov",1
"1428","Alfredo Pérez",1
"1429","Alpha Bravo",1
"1430","Amin Hassani",1
"1431","Amit Prakash Ambasta",1
"1432","Anard",1
"1433","Andrea Blankenstijn",1
"1434","Andrea Perego",1
"1435","Andreas",1
"1436","Andreas Kinzler",1
"1437","Andreas Schäfer",1
"1438","Andreas Steinmetz",1
"1439","Andrej Rode",1
"1440","Andrew Aladjev",1
"1441","Andrew Attali",1
"1442","Andrew Church",1
"1443","Andrew Foster",1
"1444","Andrey Tikhomirov",1
"1445","Andrey Volkov",1
"1446","Andrii Kurdiumov",1
"1447","Andriy Utkin",1
"1448","Andrzej Pauli",1
"1449","Andy",1
"1450","Andy Dalton",1
"1451","Andy Kittner",1
"1452","AngeloGioacchino Del Regno",1
"1453","Anselm Busse",1
"1454","Anssi Jaatinen",1
"1455","Anthony Parsons",1
"1456","Anthony Ruhier",1
"1457","Antoine Gicquel",1
"1458","Anton Schubert",1
"1459","Anton Tinyakov",1
"1460","Antonio Quartulli",1
"1461","Antti Antinoja",1
"1462","Ao Luo",1
"1463","Ao Shen",1
"1464","Arc Riley",1
"1465","Aritz Erkiaga",1
"1466","Arjan Adriaanse",1
"1467","Arne Babenhauserheide",1
"1468","Arnt Gulbrandsen",1
"1469","Arun Bhanu",1
"1470","Ashley Laika",1
"1471","Atharva Amritkar Amritkar",1
"1472","Austin S. Hemmelgarn",1
"1473","Azat Bahawi",1
"1474","Bart Oldeman",1
"1475","Bartosz Stebel",1
"1476","Belhassen Dahmen",1
"1477","Benny Pedersen",1
"1478","Bernd",1
"1479","Berrysoft",1
"1480","Bertrand Néron",1
"1481","BetaRays",1
"1482","Bjoern Michaelsen",1
"1483","Bjorn Pagen",1
"1484","Blackcrypto",1
"1485","Blake Matheny",1
"1486","Bláithín Nic Aoidh",1
"1487","Bob Haarman",1
"1488","Bobbbay Bobbayan",1
"1489","Boleyn Su",1
"1490","Boris Carvajal",1
"1491","Boris Staletic",1
"1492","Brian Deragon",1
"1493","Brian Kubisiak",1
"1494","Bruno Haible",1
"1495","Bruno Henc",1
"1496","Bruno Pinto",1
"1497","Burak Aktas",1
"1498","Caleb Maclennan",1
"1499","Carsten Klaucke",1
"1500","CaseOf",1
"1501","Casey Bowman",1
"1502","Casper Hanegreefs",1
"1503","Cecil Curry",1
"1504","Cengiz Gunay",1
"1505","Chaquen Beliakov Amaya",1
"1506","Charbel Assaad",1
"1507","Charles Nérot",1
"1508","Chi-Tan-Da-Eru",1
"1509","Chris Kerr",1
"1510","Chris Lee",1
"1511","Chris McDonald",1
"1512","Chris Pritchard",1
"1513","ChrisADR",1
"1514","ChrisOboe",1
"1515","Christian Baumhof",1
"1516","Christian Hagau",1
"1517","Christian Rößner",1
"1518","Christian Schmidt",1
"1519","Christian Volk",1
"1520","Christine Dodrill",1
"1521","Christopher Bayliss",1
"1522","Christopher Kerr",1
"1523","Christopher Layne",1
"1524","Christopher Mansfield",1
"1525","Christopher Rudolph",1
"1526","Christopher Steward",1
"1527","Chuan-kai Lin",1
"1528","Chuck Seyboldt",1
"1529","Cooper Benson",1
"1530","Corentin Pazdera",1
"1531","Craig Hesling",1
"1532","Craig Joly",1
"1533","Cyprien AUGIER",1
"1534","CyriusGentoo",1
"1535","Dan Douglas",1
"1536","Daniel Campello",1
"1537","Daniel Cordero",1
"1538","Daniel Hiepler",1
"1539","Daniel James",1
"1540","Daniel Meier",1
"1541","Daniel Santos",1
"1542","Daniel Schmidt",1
"1543","Daniél Kerkmann",1
"1544","Danny YUE",1
"1545","DarkDefender",1
"1546","Darren Blaber",1
"1547","Dave Kennedy",1
"1548","David Chen",1
"1549","David Duchesne",1
"1550","David GUGLIELMI",1
"1551","David Haller",1
"1552","David King",1
"1553","David Martí Huescar",1
"1554","David Mudrak",1
"1555","David Pedersen",1
"1556","David Shen",1
"1557","David Truby",1
"1558","Dawid Eckert",1
"1559","Dawid Jarosz",1
"1560","Dawn Minion",1
"1561","DelightedCat",1
"1562","Denis Romanchuk",1
"1563","Dennis M. Pöpperl",1
"1564","Diego Viola",1
"1565","Dillon",1
"1566","Dimitrios Semitsoglou-Tsiapos",1
"1567","Dimitry Bradt",1
"1568","Dirk Tilger",1
"1569","Divagar Mohandass",1
"1570","Dmitri Bogomolov",1
"1571","Dmitry Derevyanko",1
"1572","Dmitry Marakasov",1
"1573","Dmitry Torokhov",1
"1574","Dominik Schmidt",1
"1575","Dominique Michel",1
"1576","Domonkos Lezsák",1
"1577","Dongxu Li",1
"1578","Donny",1
"1579","Douglas Freed",1
"1580","Drew Davenport",1
"1581","Eddy Hsu",1
"1582","Edward Hyunkoo Jee",1
"1583","Elizabeth Doughty",1
"1584","Emil Lundmark",1
"1585","EmilienMottet",1
"1586","Emily Rowlands",1
"1587","EoD",1
"1588","Erhard F",1
"1589","Eric Zhao",1
"1590","Erik Falor",1
"1591","Erik Quaeghebeur",1
"1592","Eugene Glorg",1
"1593","Eugene Yarkov",1
"1594","Eva Dengler",1
"1595","Evan Benn",1
"1596","Fabian Köster",1
"1597","Fabrice Delliaux",1
"1598","Federico Lodovici",1
"1599","Felix Leif Keppmann",1
"1600","Fernando Rodriguez",1
"1601","Filip Kszczot",1
"1602","Foster McLane",1
"1603","Frank Krömmelbein",1
"1604","Frédéric Pierret",1
"1605","Garrett Holmstrom",1
"1606","Garri Djavadyan",1
"1607","Gary Macindoe",1
"1608","Gavin Pryke",1
"1609","Geoff Levand",1
"1610","Georg Hopp",1
"1611","George Gaydarov",1
"1612","George Kranis",1
"1613","Georgi Georgiev",1
"1614","Gerold Schellstede",1
"1615","Gert",1
"1616","Gert Wollny",1
"1617","Ghiunhan Mamut",1
"1618","Gleb Nemshilov",1
"1619","Glenn Strauss",1
"1620","Golubev Alexander",1
"1621","Gordon Pettey",1
"1622","Greg Depoire--Ferrer",1
"1623","Gregory Rudolph",1
"1624","Guido Jäkel",1
"1625","Guido Kroon",1
"1626","Guillaume BRUN",1
"1627","Han Mertens",1
"1628","Hannes Schweizer",1
"1629","Haowen Liu",1
"1630","Harald Timeraider",1
"1631","Harley Wiltzer",1
"1632","Harry Kurn",1
"1633","Hasso Tepper",1
"1634","Hayley Hughes",1
"1635","Henk van der Laan",1
"1636","Henrik Wennergren",1
"1637","Henry Chan",1
"1638","Henry Paradiz",1
"1639","Hosein Naghdbishi",1
"1640","Hoël Bézier",1
"1641","Hyda",1
"1642","Ian Coolidge",1
"1643","Ian Leonard",1
"1644","Ian Page Hands",1
"1645","Igor Mikeshin",1
"1646","Igor Mróz",1
"1647","Ioan-Adrian Ratiu",1
"1648","Ivan Larkou",1
"1649","Ivan Savyhin",1
"1650","J. García",1
"1651","Jacendi",1
"1652","Jack de Kleuver",1
"1653","Jacob Hrbek",1
"1654","Jakub Czapiga",1
"1655","Jakub Ternka",1
"1656","James Ausmus",1
"1657","James Broadhead",1
"1658","James Larrowe",1
"1659","James Rowe",1
"1660","Jamie Getty",1
"1661","Jan Psota",1
"1662","Jan Smutny",1
"1663","Jan-Espen Oversand",1
"1664","Janusz Andrzejewski",1
"1665","Jarek Rymut",1
"1666","Jason Chan",1
"1667","Jason Hales",1
"1668","Jason Schulz",1
"1669","Jay Kamat",1
"1670","Jeff Zhao",1
"1671","Jeffery Gazso",1
"1672","Jennifer Pullman",1
"1673","Jenny Danzmayr",1
"1674","Jens Lindenmeier",1
"1675","Jesse Harris",1
"1676","Jian Cao",1
"1677","Jian Lin",1
"1678","Jianhua Lu",1
"1679","Jimi Ayodele",1
"1680","Jiří Moravec",1
"1681","Joachim Bartosik",1
"1682","Joao Carreira",1
"1683","Jocelyn-MAYER",1
"1684","Jochen Klein",1
"1685","Joe Konno",1
"1686","Joh Matsuura",1
"1687","John Duncan",1
"1688","John Hansen",1
"1689","John J. Aylward",1
"1690","John L Chen",1
"1691","John Lennard",1
"1692","John Murphy",1
"1693","John R. Graham",1
"1694","Jon C",1
"1695","Jon Janzen",1
"1696","Jonas Kvinge",1
"1697","Jonas Rabenstein",1
"1698","Jonas Rakebrandt",1
"1699","Jonathan Christison",1
"1700","Jonathan Janzen",1
"1701","Jordan Yelloz",1
"1702","Jose",1
"1703","Jose Storopoli",1
"1704","Joseph Jon Booker",1
"1705","Josh Tegart",1
"1706","Joshua Clayton",1
"1707","Joshua Kiekendief",1
"1708","Josip Kelecic",1
"1709","José Pekkarinen",1
"1710","José de Paula Rodrigues",1
"1711","Julien Perrot",1
"1712","Justin Keogh",1
"1713","Jérémy Connat",1
"1714","Jörg Bornkessel",1
"1715","Jörg Habenicht",1
"1716","Kai-Chieh Ku",1
"1717","Kaibo Ma",1
"1718","Kamal Ahmad",1
"1719","Kan Yan",1
"1720","Kanogin Alex",1
"1721","Kapil Porwal",1
"1722","Karol Wierzchowski",1
"1723","Ke Wu",1
"1724","Kelly Ledford",1
"1725","Ken Nowack",1
"1726","Kevin Martin",1
"1727","Kitcat490",1
"1728","Knife",1
"1729","Koen Zandberg",1
"1730","Kofi Hannam",1
"1731","Kris Scott",1
"1732","Kristaps Kaupe",1
"1733","Kristoffer Bernssen",1
"1734","Kristoffer Pouls",1
"1735","Kristopher Keller",1
"1736","Kritzmensch",1
"1737","Ladislav Jech",1
"1738","Lahvuun",1
"1739","Leandro Dorileo",1
"1740","Liam Flaherty",1
"1741","Lilly Chalupowski",1
"1742","Lorenzo Tucci",1
"1743","Lori Jakab",1
"1744","Louis Regnier",1
"1745","Lucas Yamanishi",1
"1746","Lucio Sauer",1
"1747","Lucius Q. User",1
"1748","Luis Davila",1
"1749","Lukas Schmelting",1
"1750","Lukas Vacek",1
"1751","Lutz Justen",1
"1752","M.B",1
"1753","Maciej Grela",1
"1754","Madhu Priya Murugan",1
"1755","MagelessMayhem",1
"1756","Maik Freudenberg",1
"1757","MalakymR",1
"1758","Mandar Joshi",1
"1759","Manuel Mommertz",1
"1760","Marc Popp",1
"1761","Marcel Greter",1
"1762","Marcin Kowalski",1
"1763","Marcin Mirosław",1
"1764","Margarita Manterola",1
"1765","Maria Keating",1
"1766","Marian Kyral",1
"1767","Marios Titas",1
"1768","Mark J. Olah",1
"1769","Mark Tomich",1
"1770","Markus Bertheau",1
"1771","Markus Rathgeb",1
"1772","Martin Kjær Jørgensen",1
"1773","Martin Matous",1
"1774","Martin Sekera",1
"1775","Martin Stockinger",1
"1776","Martin von Gagern",1
"1777","Mathieu Strypsteen",1
"1778","Mathis Winterer",1
"1779","Matt Jarjoura",1
"1780","Matthew Snelham",1
"1781","Matthew Turnbull",1
"1782","Matthias Rabe",1
"1783","Max Grinberg",1
"1784","Maximilian Friedersdorff",1
"1785","Maxxim",1
"1786","Mazunki Hoksaas",1
"1787","Meik Frischke",1
"1788","Mias van Klei",1
"1789","Micah Morton",1
"1790","Michael Cook",1
"1791","Michael Egger",1
"1792","Michael Fitzpatrick",1
"1793","Michael Gilroy",1
"1794","Michael Martis",1
"1795","Michael Rivnak",1
"1796","Michael Schmid",1
"1797","Michael Scholl",1
"1798","Michael Schubert",1
"1799","Michel Boaventura",1
"1800","Michel Ganguin",1
"1801","Michelangelo Scopelliti",1
"1802","Michele Alzetta",1
"1803","Mihail Konev",1
"1804","Mikaël Cluseau",1
"1805","Mike Williams",1
"1806","Mikhail Koliada",1
"1807","Mikhail Limansky",1
"1808","Mikhail Yushkovskiy",1
"1809","Miroslav Jaros",1
"1810","Mohanram Meenakshisundaram",1
"1811","Mord3rca",1
"1812","MuriloStrike",1
"1813","Māris Nartišs",1
"1814","Nathan Ringo",1
"1815","Nathan Zachary",1
"1816","Nekun",1
"1817","Nicholas Sielicki",1
"1818","Nick Andrade",1
"1819","Nicolas Boichat",1
"1820","Nicolas PARLANT",1
"1821","Nicolas Riebesel",1
"1822","Niels Hamaker",1
"1823","Nikita Zlobin",1
"1824","Nikoli",1
"1825","Norayr Chilingarian",1
"1826","Nuno Silva",1
"1827","OGINO Masanori",1
"1828","Octavian Petre",1
"1829","Olivier Diotte",1
"1830","Onkobu Tanaake",1
"1831","Ovidiu - Dan Bogat",1
"1832","Ovidiu-Dan Bogat",1
"1833","Owen Ryan",1
"1834","P424D0X",1
"1835","Pablo Cholaky",1
"1836","Pallav Agarwal",1
"1837","Paramjit Oberoi",1
"1838","Pat Erley",1
"1839","Patrick Nicolas",1
"1840","Patrick Steinhardt",1
"1841","Patrick Williams",1
"1842","Paul Belt",1
"1843","Pavel Frolov",1
"1844","Pavel Homolka",1
"1845","Pavel Zhukov",1
"1846","Pavel Šimerda",1
"1847","Perfect Gentleman",1
"1848","Pete Michaleas",1
"1849","Peter Vielberth",1
"1850","Petr J. Borsky",1
"1851","Petr Voitsik",1
"1852","Petrus Zhao",1
"1853","Phil DeMonaco",1
"1854","Philippe Namias",1
"1855","PhobosK",1
"1856","Pixeliz3d",1
"1857","Psi",1
"1858","Rafael Palomar",1
"1859","Rahim Usubov",1
"1860","Rahul Chaudhry",1
"1861","Rainer Hihn",1
"1862","Rayslava",1
"1863","Reagan Bohan",1
"1864","Remigiusz Micielski",1
"1865","Renee D'Netto",1
"1866","Reto Gantenbein",1
"1867","Reuben D'Netto",1
"1868","Ric Messier",1
"1869","Ricardo Lopes",1
"1870","Ricardo Pchevuzinske Katz",1
"1871","Rich Alimi",1
"1872","Rick Elrod",1
"1873","Rion",1
"1874","Robert Kolchmeyer",1
"1875","Robert Pearce",1
"1876","Robert Underwood",1
"1877","RockyBukake",1
"1878","Roland Hautz",1
"1879","Roman Yurchak",1
"1880","Ronald Farrer",1
"1881","Rostyslav Ivanika",1
"1882","Ruben Rodriguez Buchillon",1
"1883","Rubin Simons",1
"1884","Ryan Slawson",1
"1885","Ryan Turner",1
"1886","Rémi Ollagnier",1
"1887","Sadoon Al-Bader",1
"1888","Samantha McVey",1
"1889","Sargun Dhillon",1
"1890","Sayan Chowdhury",1
"1891","ScardracS",1
"1892","Scott Furry",1
"1893","Scott Hadfield",1
"1894","Sebastian France",1
"1895","Sergei Chernyadyev",1
"1896","Sergey Galkin",1
"1897","Sergiusz Bazanski",1
"1898","Siarhei Siamashka",1
"1899","Siddhanth Rathod",1
"1900","Simeon Simeonov",1
"1901","Skyler Mäntysaari",1
"1902","Sorah Fukumori",1
"1903","Spencer Pavkovic",1
"1904","Stefan Huber",1
"1905","Stefan Kuhn",1
"1906","StefanCristian",1
"1907","Steffen",1
"1908","Steffen Christgau",1
"1909","Steffen Kuhn",1
"1910","Steffen Stollfuß",1
"1911","Steffen Weber",1
"1912","Steven Green",1
"1913","Steven Newbury",1
"1914","SuNova",1
"1915","Szpadel",1
"1916","Sławomir Nizio",1
"1917","T. Malfatti",1
"1918","Tadej Borovšak",1
"1919","Takeshi Ito",1
"1920","Taylor C. Richberger",1
"1921","TerraTech",1
"1922","Thanh Ha",1
"1923","TheAifam5",1
"1924","TheGreatMcPain",1
"1925","Thilo Fromm",1
"1926","Thomas De Schampheleire",1
"1927","Thomas Flavel",1
"1928","Thomas Juerges",1
"1929","Thomas Oettli",1
"1930","Thomas Veith",1
"1931","Thuna",1
"1932","Tiago de Paula Peixoto",1
"1933","Tianyang Zhou",1
"1934","Tim Mason",1
"1935","Timo Eissler",1
"1936","Timo Kamph",1
"1937","Timo Rothenpieler",1
"1938","Tobias M",1
"1939","Tom Hendrikx",1
"1940","Tom Li",1
"1941","Tom Shafron",1
"1942","TomJuri",1
"1943","Tomasz Figa",1
"1944","Tomasz Hołubowicz",1
"1945","Toni Jarjour",1
"1946","Tony Lee",1
"1947","Tran Thai Son",1
"1948","Trent Begin",1
"1949","Ulf Magnusson",1
"1950","Valentin Finini",1
"1951","Vasili Bulkin",1
"1952","VasilyLebedev",1
"1953","Viacheslav Ostroukh",1
"1954","Vibhav Garg",1
"1955","Victor",1
"1956","Victor Dodon",1
"1957","VictorShekhov",1
"1958","Vieri",1
"1959","Viktar Lukashonak",1
"1960","Vincent Hardy",1
"1961","Vincent Palatin",1
"1962","Vincent de Phily",1
"1963","Vindex17",1
"1964","Vitor Ferrari",1
"1965","Vladimir Kuznetsov",1
"1966","Vladimir Timofeenko",1
"1967","Vladimir Varlamov",1
"1968","Wade T. Cline",1
"1969","Weiping XU",1
"1970","Wenkai Du",1
"1971","Wiktor Jaskulski",1
"1972","Wiktor Kerr",1
"1973","Wiliam Hubbs",1
"1974","Wolf-Dieter Rieck",1
"1975","WuYiyang",1
"1976","Wynn Wolf Arbor",1
"1977","Xavier Forestier",1
"1978","Xiang Gao",1
"1979","Xiaoyong Zhou",1
"1980","YOSHIOKA Takuma",1
"1981","YmrDtnJu",1
"1982","Your Name",1
"1983","Yun Pan",1
"1984","Yurii Moskalenko",1
"1985","Yuta SATOH",1
"1986","Zsolt Vadasz",1
"1987","amynka@gentoo.org",1
"1988","arbitrary-dev",1
"1989","bastimeyer",1
"1990","capezotte",1
"1991","ccharon",1
"1992","chn",1
"1993","cions",1
"1994","creich",1
"1995","crito",1
"1996","cryptogopher",1
"1997","csmk",1
"1998","dante-robinson",1
"1999","dewostator",1
"2000","dlahoti",1
"2001","dluser1",1
"2002","donahue95",1
"2003","dracwyrm",1
"2004","efferre79",1
"2005","ernsteiswuerfel",1
"2006","eroen",1
"2007","etc404",1
"2008","fcll",1
"2009","fhlfibh",1
"2010","flow",1
"2011","frace",1
"2012","fulgurance",1
"2013","genoob",1
"2014","golanv",1
"2015","gryf",1
"2016","gtkgfxp",1
"2017","halcon74",1
"2018","hsk17",1
"2019","insighthorizon",1
"2020","jeffgazso",1
"2021","jellybrick",1
"2022","jgeboski",1
"2023","jkelecic",1
"2024","jmorgan@gentoo.org",1
"2025","johannes walcher",1
"2026","kapsh",1
"2027","kermeat",1
"2028","lg188",1
"2029","lillypad",1
"2030","maram",1
"2031","masterzorag",1
"2032","maurerpe",1
"2033","mazes_80",1
"2034","mazunki",1
"2035","mil",1
"2036","mo",1
"2037","msathieu",1
"2038","namcap",1
"2039","name",1
"2040","natemonster321",1
"2041","nemunaire",1
"2042","nic",1
"2043","nick87720z",1
"2044","nickgen",1
"2045","nilburn",1
"2046","pastalian",1
"2047","pvgoran",1
"2048","quazgar",1
"2049","rafspiny",1
"2050","rain0r",1
"2051","realaltffour",1
"2052","sakaki",1
"2053","serg-sg",1
"2054","slyshot",1
"2055","sqozz",1
"2056","sqrtd",1
"2057","sr20det",1
"2058","sunova",1
"2059","syderitic",1
"2060","tastytea",1
"2061","tepidjuice",1
"2062","tim",1
"2063","tiotags",1
"2064","uid2214",1
"2065","uis",1
"2066","vthriller",1
"2067","webstrand",1
"2068","wellWINeo",1
"2069","wraeth",1
"2070","xfim",1
"2071","xor",1
"2072","xtkoba",1
"2073","zshzero",1
"2074","Łukasz Zubkowicz",1
"2075","ᎫᏤᏣ",1
